1,2,3,4,5,6
10.8856,11.01496707,13.36636881,12.02754279,15.58880263,16.17700579
10.5704,11.1616,13.64980545,12.44233807,14.02700491,15.26565209
10.73621103,11.08858739,13.5157809,12.69938407,14.46642247,14.93723527
10.5536,11.13949312,13.95522695,12.43772384,14.17617004,14.5730272
10.4332534,11.21648659,13.92753327,12.0443038,14.10367347,14.64300868
10.63525654,11.14536741,13.95495496,12.16613924,14.27635619,14.89551664
10.75470188,11.35050929,13.89340413,12.15497715,14.45100835,15.04483356
10.66453419,11.3528,13.95791624,12.16646754,14.45074444,15.15976103
10.77114228,11.40367706,14.08745637,12.84115097,14.7446505,15.36606971
10.87542492,11.66833167,14.1585615,12.60786651,14.7072523,15.40555127
11.05910543,11.64936102,14.69780783,12.96928869,14.7933783,15.8614052
11.30048077,11.72267732,14.56538698,12.78970297,15.31989412,15.69681774
11.33973589,11.74625972,15.07862862,13.15285232,15.34042553,15.83359014
11.58189828,12.1517875,14.9297164,13.05912596,15.67580843,15.94837218
11.79237373,12.28919513,14.71885831,12.98513969,15.70851194,16.49778121
11.5295059,12.3752,14.73584906,13.46169115,15.5705798,16.64906533
11.9423308,12.48191808,14.5096272,13.65884692,15.66373492,16.6186995
11.77902322,12.77058353,14.95648621,13.88095238,15.4055601,16.52234206
12.12387612,12.56926148,15.64804584,13.71235866,15.38008587,16.90121317
12.07995203,12.82364689,14.98047276,13.87517337,15.43640082,16.62350674
12.20863309,12.9583084,15.31935882,14.2530288,15.68846075,16.72559214
12.37664934,12.93426573,15.42052642,14.21699242,15.45957011,16.64548431
12.29194161,13.07732268,15.99016393,14.39904705,15.78830769,17.17193524
12.40488098,13.10964649,15.76282314,14.40684033,15.60466544,17.17556369
12.86503805,13.33066613,15.73782618,14.73542778,15.47818964,16.87724032
12.77988425,13.19896228,15.9097991,14.43222862,15.83836735,17.02429618
12.73621103,13.37035557,15.92463649,14.8398337,15.58459648,16.98110297
13.06917987,13.3779291,15.6804903,14.65066987,16.00826788,16.4412729
12.90945513,13.3077538,16.23202614,14.7688,15.44627931,16.58354211
12.64205457,13.48216433,15.95349786,14.08799522,15.60229133,16.77210557
12.82755858,13.84966927,16.75220694,16.01029295,16.3294702,17.25476603
12.11637239,12.72908764,17.28634733,14.26410612,15.62344292,16.77065637
10.97700686,13.27791165,18.07377049,14.64332604,15.75755102,17.05279383
11.53196622,13.54662379,19.91820041,15.80800637,15.96239526,17.36009263
11.81511254,13.43688541,19.57834525,15.92812937,15.99188641,16.99440694
11.80952381,13.33897281,19.21498371,15.36129798,16.33625791,17.15862601
12.1360161,13.25723473,19.91357521,15.18654797,16.45140301,17.1310717
11.91318328,13.33734698,19.61541615,14.5660828,16.20219245,17.23047252
11.74466371,13.4858519,19.78356387,15.1161586,16.38320424,17.31354789
12.07020375,13.4184,19.1026429,15.06914263,16.55687885,17.32331407
11.64274194,13.27258193,19.39506173,14.67197452,16.94951576,17.00540123
10.69923294,13.22712681,17.22632556,14.05959476,16.22203879,16.91410925
12.44122383,13.0440678,17.61328686,13.57635468,18.37756305,16.9322109
11.9524577,12.8638535,18.35908056,13.84234684,16.33525535,16.34021215
12.15996785,13.10344828,18.11574362,13.42161947,16.30470685,16.65483995
12.08856683,13.08494903,18.38507772,13.68571429,16.33786568,16.47190577
12.41135037,13.52164373,18.9611891,14.08066429,16.55411255,16.68155564
12.22338288,13.44048096,18.10365476,14,16.51373116,16.96899673
12.37761675,13.36003204,17.8322687,13.73243883,16.68174342,17.03178578
12.42578831,13.28405913,18.78454865,14.0347277,16.44866763,16.77178103
12.54475961,13.3734698,18.04337947,14.43214497,16.71354919,16.77488927
12.37474869,13.30078047,18.76070321,14.39494969,16.90357217,17.18561262
12.61006036,13.55115115,17.74038264,14.57793623,17.01503605,17.38541466
12.47318739,13.56365092,19.43400124,14.52498017,17.00020631,17.50442478
12.76190476,13.61990769,19.24603011,14.36162653,17.18374923,17.49114704
12.96670678,13.76165803,18.10655738,15.12722949,17.70319917,17.61048978
13.24276527,14.18116232,19.1243332,15.29285714,17.69661995,18.11093991
13.446364,14.2344,19.56847492,14.92826343,18.12713433,18.48190916
13.75572519,14.42208442,20.03366865,15.87757504,18.40807083,18.84305796
13.12180391,14.21130417,20.34107253,16.16563806,18.28348398,18.48044693
13.65861514,14.3800995,20.43758997,15.99842084,18.4379773,18.7761712
13.50985915,14.63580124,20.66941808,16.14468252,18.32584964,18.93066256
13.84114217,14.69012395,21.45160622,16.8452167,18.37311894,19.08107067
13.96299276,14.74576946,21.13910546,16.81251237,18.4286892,19.00385208
13.97826962,14.61372706,21.91318727,16.81042654,18.56266722,18.84030052
14.01608363,14.99163013,21.72534486,16.6484127,18.40264572,19.20478211
14.23347398,15.00537956,22.26036724,17.19580281,18.46400658,19.3612928
14.16294508,14.93871032,21.93822076,16.96425735,18.42304527,19.27770283
14.33916717,15.01952969,21.40943746,17.3505873,18.04892086,19.31679169
14.48428687,14.85497403,21.08114754,17.12037952,18.6587269,19.02191465
14.37857431,15.12696831,22.4,17.22231013,18.39309211,19.41998845
14.51607717,14.97067624,21.86974444,16.90498812,18.04782342,19.18584071
14.28916147,15.17147978,22.42986799,17.52301587,18.16520498,19.23490965
14.25070309,15.27947337,22.24938272,17.13479125,18.06826078,19.4982659
14.29859155,15.05646776,21.94481054,17.81435938,18.200082,19.13939627
14.07276382,15.05976414,21.73322422,17.234186,18.06256389,18.89915319
14.22454728,15.16693291,21.66707768,17.44312796,18.12121212,19.15352058
14.4340836,15.24132429,22.39572632,17.45081806,18.05029646,18.89214176
14.27767732,15.23972876,22.32170142,17.6900851,18.15921215,19.13775216
14.11187123,14.98546685,21.91225541,17.94023352,18.05660377,19.32256824
14.24170521,15.00997208,22.07407407,17.36026936,18.06947282,19.38040123
13.92321608,15.10570403,22.06771263,17.6424581,18.67547481,19.26295585
14.02759448,15.02907208,22.60390545,16.77948718,18.57413509,19.23879161
13.87372219,15.06173826,21.27841845,16.78484011,18.52531906,19.26179927
14.12690763,14.79721393,21.55501421,17.66395033,18.66748819,19.83022854
13.78989575,14.95752742,21.30921053,17.82649842,18.55455291,19.54030081
13.54197556,15.01975654,21.11262096,17.24896836,18.61412151,19.38586014
13.69326135,14.93222023,21.31051546,17.67239676,19.10417095,19.68175689
13.75475095,14.8500994,21.81818182,17.60348584,18.89213068,19.47317824
14.23833367,15.3566879,22.19979487,18.39430492,18.9542268,19.7333847
14.24610467,15.44745223,22.77232601,17.32071006,18.94762887,19.63713242
13.95028067,15.21496815,23.00041068,17.07027876,19.1110194,19.59545367
14.0668401,15.26475279,23.20261705,17.48860958,19.04491141,19.57801691
14.12507493,15.11883363,21.88427724,17.34966416,18.99097621,19.5152914
14.18958292,15.18979266,22.18987082,17.34811003,19.25067052,19.64348828
13.92281544,15.23377141,22.56197328,17.60031627,19.37241949,19.85991918
14.38274071,15.22042689,22.95940959,18.11690113,19.28777275,20.0753122
14.49909657,15.36456049,23.22667758,17.67562267,19.57573256,19.82468281
14.4784,15.41321656,23.71041838,18.40267401,19.87696119,20.08147579
14.72335329,15.8963937,23.11365964,18.34384858,20.0700742,20.81292059
15.04567308,16.07713718,23.34855028,18.81382034,20.67870332,21.05877833
15.42948334,16.34695912,25.70709571,20.33647799,20.89366095,21.36491431
15.18882236,16.05396825,24.98545976,19.11583924,21.04649721,21.73471742
15.15166066,16.23220676,24.85544878,19.87218935,21.14262194,21.61937716
15.5928,16.58173172,25.61922366,19.92543171,21.66481138,21.43504996
15.69353871,16.71162237,26.52040189,20.22283465,21.30224881,21.95234435
15.86653347,17.15465555,26.49374102,21.02949911,21.47433519,22.06223588
16.12242448,17.02368159,27.16130355,21.02448657,21.32591218,21.77041602
16.36042545,17.04292528,26.64476386,21.09584727,21.21039604,21.76647399
16.28468324,17.19387552,25.53486464,21.22680412,21.53997945,22.11207395
16.2670409,17.33518776,26.20650174,21.06566456,21.5060963,22.12104857
16.71465811,17.61620977,25.74012687,21.05321246,21.27437269,21.82846154
16.78666131,17.35421209,26.05244683,21.38202024,21.38531353,22.00884445
16.67965455,17.50218341,26.21921737,21.74074074,21.52691277,21.96612779
16.55319149,17.35080405,27.73954255,21.48894155,21.25737874,21.67635174
16.66653299,17.50277998,26.72649047,21.48954635,21.60710597,22.03274899
16.76753064,17.52362048,26.52359458,21.62262658,21.50710315,21.71681757
16.54906683,17.94749403,27.3889117,21.53555249,21.28630363,21.896804
16.54136546,17.49365079,26.88497749,21.8043222,21.2871001,21.80607926
16.70376301,17.64762094,26.65440425,21.51577287,21.46987456,21.59538462
16.70861723,17.85222067,25.82742365,22.01815312,21.41831683,21.98923491
16.75,17.79106858,27.56598723,21.25521038,21.08379658,22.03348085
16.52121697,17.66010733,26.93767821,21.87514816,21.3657732,22.23855329
16.45005005,17.97855441,27.05771976,21.85269791,21.2029703,22.35411855
16.53263917,17.56200318,26.16796395,21.64120782,21.52498458,21.9240994
16.33259868,17.52020501,26.31409063,21.5737192,21.41205412,22.41072797
16.52948255,17.3582972,26.47232013,20.94966836,21.40402795,22.0861244
16.40585522,17.49970385,26.24606462,21.44309738,21.68697436,21.99310345
16.59309791,17.45662011,27.00954753,21.14374878,21.9054665,22.34554171
16.33065811,17.68263355,27.9883479,21.03114594,21.82072945,22.23849693
14.86458333,16.92697407,23.77565434,19.14855356,24.69927451,23.66433566
15.44072217,17.79263949,23.46837536,19.94548287,21.79620754,22.41742147
17.62740385,18.36245317,27.68124872,21.68531063,22.31591988,23.41947853
17.13691785,18.19775015,27.69817511,22.47767596,22.73370577,23.12980031
17.03947105,18.23318209,28.53377265,21.57412819,22.7310231,23.28303332
17.37110934,18.44079858,28.08892548,22.09855299,22.96883385,23.13156885
17.50389144,18.89328063,29.1328238,22.94468419,23.5677686,23.45520813
17.63938363,18.93133386,29.03313439,22.49726349,23.41827222,23.88797238
17.82547643,18.69536032,30.00573301,23.26681043,23.97436428,24.26528258
18.01798921,18.95796329,30.40659114,24.11433046,24.16119033,24.03066897
18.10155938,19.33859511,29.69240221,23.58478049,24.50350805,24.86976566
18.54008775,19.38619329,30.8804593,24.39811543,24.76005777,24.87073264
19.09305583,19.81965592,31.37830634,24.61027544,25.13232553,25.65617805
19.43211854,20.40071273,32.23311367,25.45433163,25.59966881,26.11480131
18.67014028,19.81053878,32.55169562,25.38428544,25.4443759,25.82600346
18.97559024,20.14852854,31.6214876,25.59813084,25.69484536,26.02804995
19.63170536,20.42575039,32.2850062,25.71283652,25.44652792,25.80283851
19.74358974,20.90172039,31.65328392,26.1374343,25.49045371,26.20591625
20.0088141,21.47410044,31.97352637,26.82362113,25.72378412,26.02074529
19.91182365,21.22421613,32.0661157,26.95301488,25.40589198,25.72636434
20.29602888,21.14714004,32.29227903,27.78922717,25.68826907,25.74664107
19.95437262,21.49258454,33.29458169,27.80148496,25.40713407,25.79434941
20.03923924,21.71924975,32.32804451,26.872911,25.73366215,25.55811277
20.12362031,21.62217822,33.22350041,27.41520468,25.6592775,25.51787774
20.20488195,21.50246987,32.93981386,27.15822413,25.45439606,25.90479846
20.14340076,21.68246446,32.71455185,27.70994152,25.54743326,25.91274265
20.31633882,21.56844181,32.79735592,26.85558158,25.58602261,26.08842753
20.15307554,21.68121667,32.27061485,27.35693331,25.75571576,25.39173871
19.94540345,21.87235724,33.11111111,27.32349515,26.11425036,25.94195656
19.98717435,21.66943456,33.11074516,27.44733774,25.62151067,25.21729107
19.92702486,21.87188612,32.80016447,27.98286938,25.51522634,25.80692308
19.8468631,21.86999604,32.88925688,28.34310277,25.36399097,25.7506244
19.51964715,21.74348856,32.26178226,28.0474339,25.51364662,25.33844679
19.54665599,21.67719021,32.61830173,27.03316426,25.55098684,25.95581172
19.8091802,21.81631444,31.6826186,27.8342131,25.75220152,25.54858572
19.58223289,21.81616482,32.84136794,27.89831834,25.73240589,26.06761429
19.72397192,21.89756773,32.90458488,27.16280879,25.62512831,25.86840591
20.06892406,21.93632588,33.37378741,27.6184185,25.80164609,26.31239193
20.10176282,21.97903896,32.8824623,27.39396315,25.49229188,26.26317815
20.2576761,22.05700713,33.7700579,27.45518591,25.95730706,26.85407066
19.99438878,22.0800317,33.34380165,27.51337629,25.61348684,26.75671527
20.07288747,21.9028436,34.33929673,27.5485503,26.13678373,27.22474068
20.27362086,22.10405539,33.88760331,27.49014249,26.11113389,26.49884704
20.00963855,22.51206965,33.82930358,28.61935484,26.23146623,27.06561478
20.10361446,22.69594461,34.68071045,28.72635463,26.91851852,27.22134767
21.85391235,23.39144216,34.22404596,28.91334895,27.20099461,27.43923077
22.03282626,23.61407671,35.223069,29.59158223,27.7007874,27.8431674
22.2997996,23.71806515,35.3192882,30.0743948,27.5339404,27.81384615
22.01920768,23.62401264,35.31045752,30.12583563,27.65217391,28.2520169
22.14022436,24.01264322,36.34491214,30.26590954,28.21357616,28.55180353
22.21946336,24.06251236,37.05921053,31.06901961,28.66307947,28.93666027
22.41090399,24.27894113,37.6320196,31.35868287,28.95619835,29.65162282
22.52428743,24.74896307,36.90151206,31.18581281,29.73064951,29.86246638
23.14939759,24.57661927,38.1026694,31.83212395,29.57086696,30.29593997
22.97592295,25.18872017,37.4993885,32.78844251,29.98884989,30.02573459
23.50621242,25.26245059,38.08421913,33.59730746,30.15835052,30.43728423
23.58468631,25.73882074,38.87334285,33.72013383,30.77966102,31.19109747
23.2845398,25.42185339,37.91500719,33.32680634,31.11111111,30.8
23.41791942,25.23089078,38.49845647,33.16497263,30.66694113,31.42912025
23.76046465,25.88012618,39,33.59732862,30.70752777,31.01578745
23.93433433,25.94249455,38.58799342,35.24222135,30.68142681,30.98962735
24.02087096,26.29249012,39.15793832,35.14453584,30.91036472,31.28033794
24.20032051,26.50919881,39.44506287,34.87244094,30.70090386,31.54029163
24.37389912,26.26830233,38.95176982,35.36065895,30.87684729,31.2424126
24.23727455,26.46886156,39.10799091,36.12018853,30.85913471,31.12776177
24.00720576,26.53085443,39.16353887,35.45429634,30.93053843,31.02437152
26.79798995,26.2136685,35.82332587,35.15267786,36.22519084,31.60239336
26.29066023,26.51866405,37.8998358,35.41359606,30.94861338,31.35089406
26.25467713,26.54204145,38.14162914,37.43421573,31.5113381,31.90701249
23.99597747,26.46346719,37.77886978,37.51221434,31.15496418,31.68325966
23.79987945,27.09576138,38.46677605,37.46627335,31.41523342,31.44262925
24.00080354,26.73556469,38.57611818,37.87605745,31.03315596,31.301807
24.53209901,26.80834471,38.70250308,37.420347,31.05555556,31.38431975
25.01367659,26.93416683,38.21985234,37.38915094,31.12668024,31.37141758
24.23080016,27.21098039,38.49643076,37.2042503,31.14022518,31.67179093
24.40554106,27.06209598,38.75256463,37.72998616,31.19934641,31.47712418
24.59670285,27.03692066,39.36387919,37.95508274,31.27384363,32.0284506
24.89809045,27.13449833,39.05433668,37.3553589,31.20342787,32.28044564
25.38616251,26.91494795,39.03124362,37.97024276,31.03954342,31.78255859
25.351297,27.58084772,38.75932759,38.00861057,31.64648118,32.69334359
26.00683967,27.21175318,38.62878168,35.87928669,31.37755938,32.98020373
25.43851882,27.57055937,38.74618359,36.11995296,31.6319771,32.96689761
25.12502517,27.88283861,39.42810189,36.37968229,31.8308478,33.40307692
27.12067578,28.82055305,41.6004907,38.17196702,33.16673528,34.45893441
27.53503313,29.02901961,41.84627931,38.39037855,33.04942339,34.07769231
27.76110999,29.564434,42.04274374,38.31202046,33.59933843,34.63924659
27.84016064,29.52848723,42.87408013,38.68780583,33.62566845,34.83945395
28.06342834,29.85392598,43.56089613,39.04698512,34.21481481,35.88989413
28.54936658,30.01526718,45.07297187,39.01596688,35.20082389,36.26466628
28.30200803,30.37668688,43.13460756,39.67216981,35.59354305,36.46945832
26.99259259,32.72438378,39.91594561,37.41729175,40.26912929,42.47714848
26.17852835,30.97917485,40.33666191,39.09872424,36.045862,37.59367772
26.4432389,31.02927884,40.51889683,39.44134955,36.12461059,37.22127988
26.71755725,31.22481838,40.94261793,39.76296872,36.49347961,37.9487772
25.91048387,30.74995089,39.90160602,39.35634874,36.00743802,37.76871272
25.60450614,30.95224995,40.7998361,39.89638933,36.62510322,38.03233256
26.67070218,31.26971609,41.07566462,40.32028054,36.66803954,38.0612127
26.52177419,31.45803922,40.97525056,40.90731326,36.4785124,38.00693374
26.69967794,31.75879794,41.03903536,41.46809756,36.59887711,38.1573985
26.78043872,31.7906748,40.79574729,41.817897,35.97186595,37.82786569
26.90286175,31.99528024,41.0611577,42.07953216,36.41708126,37.66801932
26.37890074,32.08997632,40.68954248,41.74774775,36.09792531,37.89615904
26.51801167,31.62799843,40.45510455,41.96476116,36.16683959,37.55204318
25.99315206,31.98426126,40.42281742,41.51435827,36.36816954,37.3279321
25.8654311,31.97954769,40.51254846,41.22980392,36.32132505,37.61838548
26.29596774,31.94573339,40.33353821,40.97098039,35.95041322,37.70357488
25.55398587,31.93391031,39.28959738,41.85593719,36.25784986,37.35570988
25.11052949,31.5124828,39.31610014,41.46299213,36.38316401,37.20980506
25.46978243,31.29194499,40.19028091,41.04664837,35.93543046,36.69736082
25.2010486,31.61011963,38.85259939,40.66276803,35.82702703,36.49778463
24.84885127,31.83123028,39.49570903,41.11895837,36.19979275,36.57385268
24.68785197,31.45408063,39.42494368,41.24511159,35.41985991,36.87620517
24.75135897,31.94628752,39.798071,41.41616886,35.22201684,36.57120773
24.09337895,31.69569491,39.46699467,41.08018214,35.90458565,36.68758422
24.49989938,31.96224931,39.04209236,40.99011467,35.10516567,37.2059448
24.72456775,31.89223206,39.61451712,41.91724411,36.19839473,36.88888889
24.20060423,32.13744355,39.28583129,42.27303084,35.96144381,37.80458663
24.83765842,32.46147799,39.38802297,41.12371946,36.8418021,38.78659476
24.3252818,32.34049261,38.76022913,41.6381631,36.59872349,38.20652384
24.06606244,32.63668639,39.70099533,42.50471698,36.76521029,38.62015803
25.75674587,33.20756203,38.61047463,41.15009901,37.13586393,39.07626955
26.40208877,32.94483846,38.7969068,41.34885556,37.42880524,38.88169557
25.28131912,33.21680805,39.25194592,41.50234742,37.22192568,39.32049307
28.07144291,34.76808469,40.89604566,42.48213585,38.29901153,40.23371132
29.02808989,34.74460573,41.42967637,43.60796687,38.78827629,41.47849462
29.57911647,35.14039891,42.40340909,44.80251523,39.53226469,41.72594303
30.10463019,35.67442771,42.35471391,44.76130554,39.78480493,43.10211946
30.00080451,36.41792213,42.52362604,45.35269872,40.61544765,43.05674168
37.824167,42.23096597,52.2195122,55.61134245,43.98352893,48.37962963
38.55028158,41.86150235,52.85348506,55.86650869,46.13819656,51.88721137
37.79329721,42.54230618,54.05243753,57.60479042,45.93053016,50.07966134
38.06513872,42.59161582,54.80090219,57.64654314,45.93477375,49.10743165
37.68252057,42.5571963,55.00225641,57.72283151,46.07132668,49.16091733
37.74336283,43.25504152,54.66774585,57.34826965,45.55753647,48.66435185
37.3560956,43.22567862,53.59172078,57.58278542,45.64004864,48.41073152
37.01488934,43.37368526,53.71985384,57.05065816,45.68856448,48.87258687
36.9921671,42.88638609,53.18316731,56.11755361,45.75548335,48.36202239
37.61498188,43.55186065,53.36170213,57.67051333,46.08314743,48.24918033
37.29066023,43.62923351,53.79983793,57.04612948,46.03609815,48.6476264
37.47254074,43.54016621,53.0757329,57.46295199,46.46946642,48.74980695
37.29657948,43.65048544,53.75665245,57.82302645,47.10605445,49.39640857
37.76697469,43.93432245,54.75183076,58.418623,47.9170057,50.15093611
33.20499396,47.29637963,46.27099391,53.06269841,47.22408027,49.75096674
30.44157937,43.13215772,47.33401015,52.7104642,47.97108633,50.26872587
34.23800923,44.77483182,48.65140774,54.11363636,48.5709598,50.98882466
41.90927338,45.97628459,58.27710843,60.2526481,50.97284151,61.30149502
41.23805701,46.54013444,57.59292035,59.23478261,50.79188641,54.15034695
41.89651023,47.06566456,57.68463886,60.82228856,51.69839006,55.13993438
42.39550742,47.60379597,58.27037934,60.96088503,52.39796541,56.09406322
43.27979171,47.55282944,59.87167513,62.18794607,52.84764992,57.32818831
44.02808989,48.29100946,60.59322378,62.96468732,54.30465731,58.70654061
44.5173451,48.97883284,61.81766382,63.61485011,54.53243848,59.21757564
45.42483397,49.97977394,62.4962467,64.78706625,56.0545936,60.13968744
45.44048096,50.49950564,63.289015,64.99525692,56.45595432,61.33899614
46.30268968,50.87475306,62.25313385,65.61749064,57.61937716,61.84140459
46.8213141,51.9088748,64.72867587,67.19713547,57.78896104,62.32665639
47.75290814,51.69747235,63.83467742,68.22305419,58.86634067,63.41854637
45.82783588,51.26443166,63.33279418,67.54317549,58.21627105,62.44011572
45.57736303,51.20047497,63.99593579,67.12393077,58.79845748,62.46747732
45.57909548,52.37744807,65.03866504,68.16117507,59.03091945,63.03685124
46.24041742,52.35909631,64.81303462,68.27082511,60.1411093,63.25231481
47.5192926,52.7988959,66.60675977,69.11657415,59.64531218,62.78958534
43.71156693,51.4836666,67.29811925,65.73823646,59.42582933,70.2247814
42.25560267,51.4818776,62.75987842,65.06966647,58.67709405,59.24132614
41.27964566,51.74162869,61.61324182,65.35103011,57.9414433,58.30300694
41.24430099,51.78320429,61.76458712,64.64098004,57.0867052,58.18694477
40.43681873,51.45274812,61.34494632,64.57086145,56.72366791,57.06034317
40.53838404,50.97600635,61.03520842,64.27951046,56.77947869,56.64531069
39.70498392,50.90021821,61.0803156,63.3355718,56.34950658,56.12888289
39.3655784,50.93650794,62.17105797,63.40292606,55.76417234,55.69450338
38.70098532,48.80378624,55.01022659,60.80851903,53.81399177,54.6473877
38.0124573,48.47735329,53.07667603,59.96870722,53.05349794,54.50183788
37.32287897,49.071133,53.45841704,60.23455333,53.09488449,54.03286294
37.55631399,49.01833958,52.51366559,59.93564842,53.27205581,53.35697764
37.16562689,48.66955494,53.07983871,60.14584155,53.47662018,54.00811281
35.60997185,49.02266903,53.05199759,59.99606686,53.44364607,54.45714286
35.27564746,49.49862042,53.65942029,60.126647,53.58568196,54.61951691
34.83627608,50.91354126,53.0917136,60.84741091,54.25087828,55.99381762
36.67484416,50.77257459,53.58154463,60.57870008,55.25999586,56.50550725
37.22792937,51.12164297,54.2607294,61.43535413,55.74715026,57.23065045
46.69532035,53.5992126,61.87876355,68.28392648,58.1223491,70.90841122
44.73275689,53.87522141,63.14527845,68.60546102,58.16571429,62.96425121
45.36597111,53.88466837,62.07104154,69.33017378,58.54122449,63.17990338
45.56602254,53.86593277,63.17400081,70.27753822,59.32137031,63.90505596
48.17000802,55.51519906,64.21022727,71.24881517,60.6522449,65.36705928
50.64394547,56.49813689,67.66626164,73.39116719,62.67728108,67.54475309
49.93307954,57.22011348,67.72707026,75.05084746,62.56765005,68.74411424
51.50050191,58.40879639,64.84894992,74.93684832,63.52590779,70.56977194
52.16493195,59.15735842,66.88281724,76.42322172,64.93597873,72.99150579
53.58700882,60.58768144,70.25810348,78.10605461,65.8547166,74.03712297
54.29371749,61.43742644,69.5312,79.65285996,67.08879363,75.70301624
54.63086172,61.71697005,70.28203581,80.55417407,68.12208111,76.68070311
56.31521957,62.71557474,72.77975709,80.76486806,69.30740892,77.76034016
56.87392263,63.30629042,73.54942621,81.56979945,70.05772774,78.33023975
58.33199679,63.83611057,73.73867314,81.91656828,70.84313725,79.53341058
59.19406576,64.76104457,75.2108021,84.05011746,71.87645735,80.72987063
56.60196906,63.5992126,75.06943047,82.79282476,71.4408867,80
56.93012048,64.24921136,74.65293761,83.07073892,70.70451297,79.45285935
57.17024263,64.94900571,74.99979932,83.56202084,70.91874234,79.24405797
58.13798636,65.60757247,74.80980352,85.53767258,71.07830709,79.26702786
58.47366305,65.82764741,75.32197891,85.77513856,71.16263826,78.77434312
57.91311344,66.42474389,75.88781275,85.12214342,70.30816452,78.31993818
58.09090909,66.18253499,75.9975782,85.14353034,69.92419586,78.29201315
57.19243156,65.94754486,75.213379,84.53873378,68.38625205,76.85024155
56.22792937,65.0539206,74.32815338,84.24190065,67.89295199,76.56689869
56.83758281,65.18088468,73.27525711,83.47283781,67.94179135,75.44283227
55.76395022,64.94734766,73.64443543,81.97401575,66.91796555,74.21628942
54.95809104,64.6305808,72.19510221,81.61621728,66.46374437,73.54863663
54.51295441,63.97869822,71.40731757,81.4631829,65.32163265,72.68575851
54.5045299,63.64402441,72.78671258,80.69276394,65.22729141,72.60521739
53.35209003,62.81110892,71.06704362,79.75445545,65.17271051,72.38996139
53.21511862,62.09907243,71.11567916,79.26049089,64.5339348,71.85087889
51.7854991,62.21923229,69.37720902,78.27491138,63.55464593,70.79535783
52.66317907,62.35762111,69.4863388,78.7727003,63.63680982,70.85714286
51.76972625,62.27738377,69.83336696,79.13762552,63.66133661,70.72565688
49.70506178,61.84378698,68.63701923,77.45490506,63.75086224,68.33750722
51.91713147,63.54749704,68.38642298,82.43203125,77.75194897,81.83296313
49.87054372,62.67958861,68.97281831,79.10613208,63.86905246,69.75308642
49.64658955,62.61626304,67.42810458,78.72370766,64.33218274,70.00347021
49.87310455,63.37490134,68.98935299,78.34256329,64.29997962,70.44384408
50.21344504,63.91314647,67.81714286,79.51194472,64.36274909,71.2389039
50.00318979,64.09493671,68.41676842,79.89816459,65.32819473,72.55281419
52.53247016,65.02041625,68.72013093,82.38353453,66.64244898,73.51418098
52.45573704,64.856917,70.09656873,81.2743152,67.99182339,73.83452266
53.719362,65.26245059,70.46362515,83.47334924,68.01470288,74.80701754
53.63280145,65.79588608,70.51729819,83.4603363,68.57948508,75.00539707
55.9903537,67.21862668,71.81612969,85.26669301,70.15378323,77.06419896
58.00686176,67.37847976,72.61948718,86.49508068,71.20245399,78.45066615
59.33413946,69.66541279,72.57472211,88.32324027,73.40805891,81.03549383
60.06841046,70.1492891,73.27048168,90.29008832,74.74524248,82.19625988
62.47753375,71.76461264,75.39326765,92.84855674,76.18059244,85.01794328
63.26767372,72.64256076,75.70464829,95.04113364,77.52914706,86.82257754
65.18482647,73.78305622,75.88996099,94.25866508,78.9787408,88.75525554
66.07233785,74.52752475,77.38902539,96.75686352,79.75576884,90.00154381
66.39018504,75.85270244,79.05027704,98.49359858,80.63721881,91.79934401
67.79762145,76.13983804,80.16095258,100.0943135,81.59836568,93.18850087
68.32138542,77.08371265,80.32319079,103.0561174,82.65004088,94.51205865
69.86494658,77.62183544,82.01150843,102.9807011,83.13945857,93.80704795
70.17426382,78.5477606,83.09064748,104.5021645,83.38631256,94.82053261
66.85898729,77.83524752,80.9805288,102.4668383,82.76702215,94.08055502
66.8516129,77.81277271,81.35116231,101.3314906,82.3635991,92.41995762
66.7571169,77.63510575,82.07236842,101.0498418,81.52458682,91.14582532
68.02993528,78.15134707,81.79281882,102.0249357,81.26723786,91.57291266
67.51831613,78.62260044,81.80774749,100.8953327,81.42757632,90.92901235
66.02599692,74.72950495,73.38990731,93.36064605,84.72253259,98.41090233
58.34234962,74.35438527,73.08473189,93.54286835,77.82123134,84.44820947
58.31391586,74.04912837,71.8396728,93.4402838,76.56186198,83.37868568
56.71911021,72.86764125,71.23641583,93.06378803,75.65925926,82.65640039
56.76213592,72.8066627,71.05191874,91.80307208,75.31879885,82.27172866
55.85673816,72.25839793,69.06677625,90.97055359,74.78947368,81.05563041
54.80890688,71.34613101,70.45320197,90.76596581,72.99755102,80.61040462
53.40843933,71.54752927,65.99136691,88.72347963,72.60041068,79.86507325
52.87530364,71.55246423,68.30408876,88.52163604,71.74485429,79.49459877
52.46530447,70.7694141,65.29614438,87.21647059,71.62481962,78.61657033
51.2589593,70.66772277,68.11571604,87.4553659,70.7013306,78.86715441
50.64105157,69.80225877,66.94418319,85.80359613,70.21421257,77.85397804
50.7362882,70.04557163,66.05316299,85.74196078,70.07425541,77.48356085
49.18156086,70.35832173,64.99386503,86.09012539,70.14035088,76.97592914
49.29006249,69.41209118,66.44794436,84.86068966,69.69983687,76.93041138
47.65319321,69.22973241,65.00489796,85.74336805,69.78962477,77.49296318
47.72318899,69.30090945,65.30750408,85.7873507,69.71171907,77.39371748
49.68446602,70.02895102,63.00531697,84.64698937,69.45991388,77.79124059
47.80675157,69.8139165,65.5052094,85.95716251,69.78817734,77.79980714
48.57906459,71.44695305,65.32842837,85.78540773,69.92276089,78.11914401
49.59772912,71.19102924,64.40425532,85.63632805,70.80917281,78.59919184
48.97463989,71.28808809,66.11890119,86.39859594,71.30964052,79.3651772
48.44309437,71.0713141,65.83808157,87.83137255,71.33715221,80.31615385
50.65180381,72.47932894,65.92398856,88.470726,72.7798278,80.90622598
53.8724778,73.57699221,67.58694313,89.68887147,74.61431493,82.39415497
65.90456935,78.40909998,79.83641913,99.74955977,81.23434632,90.82434515
65.76484848,80.34751348,77.75378323,100.5189998,81.79310345,92.81510015
67.24190939,81.2715655,78.73236557,100.7409733,82.70645953,93.5690054
68.30526953,83.9257485,81.13185913,105.890781,84.6309354,97.47003276
70.54464826,84.26512278,82.29538964,106.7814829,85.25381641,99.29303042
71.85783522,85.67066347,81.87405128,110.4901807,87.42529207,101.4909511
73.08230536,87.01996805,83.11721311,111.2113453,88.51853369,102.4131021
75.20824076,88.18185444,83.75266175,112.8605294,89.49214766,103.2669108
75.67388226,89.00119665,85.80077409,114.2314797,90.81554192,105.1604938
76.36481557,89.73261606,85.4795082,116.2404243,92.58028974,105.6323699
77.90718321,91.22093488,85.56514625,117.3609304,94.32444535,106.3004822
78.35436404,91.0499002,86.40488798,116.7701375,93.14332381,106.3591128
75.4528531,90.3586262,85.67235355,115.5520442,92.05409836,104.8654069
74.81406629,90.0088,86.34248259,113.6315582,91.52446982,104.3554356
74.39838057,89.66653339,84.6801319,114.0193256,89.72645373,101.8913295
75.56491797,89.59648422,84.57821458,112.1155888,89.53374233,101.9116683
75.72221097,89.96561375,85.69243354,112.6434169,89.95004095,102.099422
75.13458814,89.59280719,85.16060045,112.7651901,88.8162595,102.3236994
74.80696074,89.80280561,86.38101085,113.2911591,88.07136998,101.3125241
74.28200972,88.99820036,86.27407407,109.7949422,87.251179,99.79386219
73.41799798,88.29777867,83.88331293,109.907451,86.18390805,99.11693315
71.74833097,87.50470094,83.68358332,109.0618153,84.62249489,97.85493827
71.54111675,86.97821307,82.08742048,108.7884239,84.67825731,96.64209917
70.70040486,86.87990392,83.79085503,107.689107,83.34057822,96.82407407
68.09324954,86.36636637,80.94618375,106.0704777,82.3198032,95.4058642
68.26871712,85.84707526,82.20996732,103.5023585,82.17763158,94.33314032
66.99432279,85.62577547,79.09362835,104.591318,80.09332788,94.67310292
64.84402185,84.78848461,79.51385752,102.6122608,79.69672131,93.2460027
65.26209269,84.49489489,78.73000206,103.1410131,79.1998362,92.88803238
64.53964401,83.76861489,78.69582993,102.4898119,78.61494253,92.2026975
63.8963143,83.87808302,78.24610336,101.0241129,77.61879469,91.49083896
63.39704991,84.08735724,76.40747587,101.3121817,77.44576341,90.93534067
63.64629705,84.0454999,75.54720065,101.2506844,76.82451481,91.75790285
64.13759611,83.81166099,77.90382648,102.4327394,77.66680345,91.36813716
61.56574675,83.52278177,77.44275749,100.6270821,77.35705521,92.60250723
62.864537,83.82442139,77.62159951,101.9341435,78.13974517,92.59942141
61.73484236,84.18697563,75.51425641,101.6632033,78.00574241,92.94995169
63.38660732,84.7104,76.93002257,102.7119043,78.14335307,94.28010017
64.01700061,84.37870296,76.39254251,103.288522,78.95702006,93.9691358
62.92862936,85.26013176,76.77575261,103.4635775,79.2087189,94.95484369
64.08825911,85.67413931,76.93486276,103.4448147,80.2682478,95.10032736
63.70717897,85.88047172,78.38083538,105.6252946,80.86258448,95.89118271
68.47225025,86.67625899,78.49256468,108.2664577,84.14563305,97.04914242
69.41930284,87.51798561,77.20779487,107.7590267,87.68609865,97.99421854
70.70222222,88.61022364,79.2796748,110.3672505,88.51894094,101.0650705
71.29402262,89.73906094,81.35397149,111.881939,90.653901,102.5612953
72.76213592,90.94291417,81.40695297,116.2322581,94.40926641,104.5598612
76.39256866,93.10413752,83.589639,116.071889,95.09666871,108.4438451
76.30458493,94.58978452,86.00286474,120.5413239,95.07414994,111.4303334
78.12477286,96.0918347,85.43072842,122.5657714,93.69155447,113.4029276
81.38673139,98.05349301,88.46009005,123.1727112,95.89372573,116.5440864
81.96688207,100.7448551,88.49217002,127.1158142,97.9909873,118.2051678
82.30455005,95.81597291,89.28133932,128.8263168,100.7072772,118.3873579
83.84978801,96.66347687,90.66449511,131.6064933,101.3931939,120.3820919
84.38704453,97.76838748,91.12034209,130.9481104,101.1532489,121.0298479
81.68467921,97.14971017,90.63697651,130.2250049,99.19328419,120.5076064
80.11995947,100.2881729,88.94223679,129.0193624,97.56528858,118.1307114
81.48744939,100.3384,89.78086105,127.3548135,97.74576617,118.3804201
80.29665654,101.352,89.01369303,126.7176171,97.85363859,118.2126348
69.51412429,95.742503,77.80750408,119,94.23192585,108.4592564
67.39614995,96.69798121,78.21294021,119.4127015,94.90953745,110.3693433
66.39967605,97.2900641,79.09632653,117.7386563,93.51831389,109.706256
68.18753806,96.4464,76.76101142,117.9629124,93.77732296,107.4007318
80.31831953,94.16663337,77.96178862,112.4747515,108.836404,122.3157018
74.447411,94.5888,81.38581386,116.5784543,92.61362709,107.505973
51.28867235,67.88404622,78.80259951,109.8740004,86.4807415,110.5382225
61.53245168,89.81738958,79.53505385,112.2145504,87.75965665,98.13307692
60.30825539,90.46923382,77.87844408,112.7536457,87.85191246,99.40065397
56.77604694,92.76882051,68.84747823,102.2046205,82.7502061,91.52012324
57.48687691,86.42554035,70.01416144,105.3154831,83.42552318,95.7182448
59.11561045,86.07222222,66.18365696,106.0674942,84.71510204,95.43616407
59.43379366,85.92212952,66.07987026,104.5203944,85.13105704,95.38052073
58.38392857,85.90031646,66.53059565,104.2514021,84.18993041,96.18178317
59.02169945,86.24222002,68.83821138,104.4795026,84.72004915,94.98170614
58.42862952,86.97292994,66.10757053,103.6558806,84.61907667,96.25525352
59.54617414,86.55670103,66.91235222,105.7252322,85.21169973,96.0616808
59.3828618,88.77380952,69.0247191,106.0007749,85.95413595,95.50558337
60.42903487,89.63751987,67.23991853,107.5394737,86.26497129,99.2911295
60.80146163,89.86883943,68.25171995,107.7878025,86.46676212,100.1247353
65.99554024,91.28264331,70.09690554,109.612728,88.4069317,99.74109035
67.26153846,91.42528736,72.63802189,109.8585859,90.24515603,102.6160663
68.5513054,92.0333135,72.71778272,113.5356518,93.66829268,106.9893925
67.93049101,94.78274634,76.00081317,115.2377622,99.8273967,109.7409406
72.81342228,97.52842942,74.48798371,119.4336764,101.0233313,113.1344894
73.83521809,100.0927284,77.29287169,122.1856392,106.0756098,118.542301
75.37378641,101.528481,78.35298886,124.1203416,104.9273834,119.982277
76.84219034,103.8691515,79.48644793,125.8536775,107.9486866,123.3180505
78.85008104,104.5224652,79.66083774,127.4084726,110.3265058,125.0789981
78.60517799,106.1932424,81.40582366,128.0893725,110.5612969,127.5149182
80.22532928,101.6745656,83.34849716,129.819242,112.4689151,128.9187524
83.59343997,103.1132225,83.5805335,130.4323798,108.1980118,128.295183
82.73795059,103.9857708,84.38555195,130.9552006,108.8212835,128.2020046
79.87342799,102.5315654,83.27834214,130.1163735,108.636178,127.4521287
78.70755483,102.1776368,80.44804537,128.6076342,106.3496732,126.3123795
77.54314721,101.8727453,82.0114053,126.6604795,109.5163718,124.9990364
78.95112553,101.7039968,82.41084801,129.5829126,109.8505887,124.4192678
78.13419826,101.2686597,82.86882591,129.848062,110.2272727,123.5660886
77.42399026,100.7969984,83.36546675,129.684007,109.697216,122.6689801
75.61897041,99.90413943,80.28933388,129.3508704,106.0357288,123.7130737
74.73346856,104.5080501,82.05022276,129.0195623,107.257757,123.1473137
75.20194647,102.6043564,82.31391586,126.9565891,106.6377458,120.2626107
74.28965517,103.3936992,81.35766423,127.1645374,105.7863126,118.1491042
72.26964467,101.7564839,80.78332996,125.5158792,101.3844585,115.5009641
70.79220779,100.5334923,79.81895677,125.1214881,98.83204555,113.8877098
69.84034126,100.9429025,78.32518337,123.8279821,97.31026059,111.1801003
68.77730496,100.9642005,75.67047308,120.3704708,96.26840179,111.2909441
67.97809331,101.1241311,75.28186275,120.7904984,95.53291217,110.3394919
66.62929108,100.5314851,75.00548446,120.549459,95.15329659,109.5104086
67.90824198,99.94361723,75.00773301,120.0984115,93.68883466,108.1609549
63.5550152,99.35704351,72.98062954,118.3409531,92.75510204,107.862069
62.66045758,98.11260904,74.71667346,117.8742236,91.8863915,105.969919
61.92910675,97.26332538,70.54255319,116.4337908,89.82048661,105.4736842
61.81522843,96.99305969,70.97496438,116.6849368,89.40036637,103.5600077
60.58000406,97.07591675,71.43647083,116.4459093,88.34264736,104.1147036
44.24371538,86.03064182,67.40716344,112.7954111,88.21862845,101.3620955
61.37796713,86.44816054,69.24825605,113.373976,88.83982861,103.1765839
61.49544073,86.28852976,68.38651316,112.7308869,90.00040708,103.536623
62.78596064,85.89013585,69.62487216,113.7092713,90.55566863,104.5804587
63.58223484,86.24876799,69.46997336,112.0579489,89.54689403,104.1194605
63.30385396,86.57894737,67.84596273,112.9257842,90.86098107,105.1384437
63.82256431,87.23809524,68.82447136,116.3432066,90.88258117,107.1350935
80.68873637,95.18431373,89.01146601,132.8630481,95.99674532,143.3379495
81.35060729,95.52025044,87.22801303,133.5950301,99.6725194,119.8731877
79.94154658,96.45470554,87.04590164,134.5479984,100.3622272,119.9095652
81.1408879,97.46230664,87.36463863,136.4871049,103.2485691,122.1730398
82.27541515,99.49638319,90.30914309,136.5518583,105.2490767,125.7812078
84.04532578,101.186925,92.23124231,142.2102804,108.7257178,128.7878086
85.59983799,101.5822884,92.2451982,144.6846288,108.7349766,132.0316725
85.15218706,102.2945433,91.78342904,142.4028021,110.0627291,132.6069498
86.80468119,102.8522216,94.56441718,143.292612,110.7807967,133.7901235
87.248583,104.4985326,93.99835594,144.095275,111.2037528,136.5065637
85.75779668,106.275215,96.1958615,147.1426907,112.7321757,137.4167632
91.29368932,107.2211144,97.12287876,149.3618511,109.1595615,139.2562271
86.20943893,107.1192157,96.44773054,149.2900734,109.5108762,139.0179502
86.87634082,107.4659851,96.15384615,145.0102336,108.1851025,137.8926226
87.01726428,106.0902463,81.59143328,140.3600153,131.1903409,126.2193101
75.38910269,103.7074132,79.52587095,136.8677087,105.3920197,126.2316439
77.0295906,108.7527179,80.26977315,137.1327231,109.9149196,130.3238242
74.41232516,108.1696252,81.50894309,134.3167975,111.6645634,129.545402
74.43799472,107.107425,79.92730243,135.6785919,110.0609756,128.9052672
73.40832487,106.452503,78.5406953,130.6664115,109.0596134,126.4191063
71.55771962,105.1438721,77.73689578,131.0251716,107.528452,123.7638433
69.10367214,94.71442629,77.51377832,129.6907531,102.5682417,120.9905497
68.92470063,97.99291059,77.50358093,127.3074421,101.2715125,121.7423833
67.70866301,96.9107425,75.03321785,127.1331673,100.8191597,121.028924
65.36365482,95.6678501,74.93985729,127.3172783,101.2885199,118.7666795
66.94527767,95.04056715,74.32739193,125.8822175,98.69833536,117.1882716
62.21430018,93.59337409,72.93090014,124.3222604,95.45838408,115.8829193
64.13395575,93.22828442,72.86700715,122.9607204,98.13111427,113.7043746
59.88576058,94.05407539,69.99422442,133.3845551,88.55498878,108.8180416
62.03441992,89.83894467,70.74276329,119.8837254,96.45005086,114.3972206
63.09300912,90.67323611,69.43629344,120.6589862,95.26673449,114.3356481
63.55285048,90.66587911,70.10393316,120.3009188,94.80828595,114.4901582
75.49372215,97.72646536,88.27715508,135.9569645,120.487061,122.5858274
74.62555781,95.08596215,86.64129086,134.3094688,93.69568755,119.2599459
74.39366883,93.32162809,85.5368768,139.1444726,95.80964002,121.1835786
72.12746093,93.80007965,86.84455425,137.4653929,93.82838552,119.4439705
74.73705584,92.92897047,86.22734761,142.6581097,94.34839235,122.7879961
75.30095509,93.84216819,83.2553719,142.3441571,94.25167717,122.9459407
76.67492386,94.87380192,86.96608768,141.1978861,94.46172638,123.2890095
77.63152549,93.76421305,83.72605007,140.7388235,95.16747967,124.0464846
82.9655452,93.40838323,87.66591422,142.9964912,94.09488753,125.3511628
82.78905775,94.34070532,88.48377823,141.5028359,96.73007504,126.0484215
81.77651361,93.76610979,89.82332445,142.2162478,97.21273575,127.8690684
85.63717532,96.56585754,91.11320368,147.2391389,99.67563162,131.5577072
88.90411514,97.1143882,91.97472998,150.8875878,103.1303993,133.8695568
90.09419407,100.0932085,95.92782448,152.4358674,105.748009,137.5147059
91.29468991,101.4492638,96.38643791,154.0732087,108.2324357,138.0739307
91.29831677,102.7048073,99.58770492,156.6134061,110.1008369,140.5425697
93.83167714,105.0091597,100.2100531,160.2130316,110.9058442,144.3246175
94.36784409,106.6579365,101.5677446,160.7152886,111.849929,145.8392581
97.65545197,108.2085987,101.3556965,162.4062196,113.6045519,147.4688347
94.76030039,108.9420665,100.7275707,164.2982627,114.2276423,148.8841534
89.99430894,109.981666,93.55377996,163.103153,113.2093973,147.3504935
88.70459163,107.3719865,93.05107084,162.671086,111.1130151,146.1200155
90.17582418,104.0861072,92.50894142,159.4206628,111.1469505,145.2313057
90.5046729,105.5936318,94.30146,159.5456674,110.6433225,143.6850455
91.23305516,107.2952913,93.71264368,165.6370023,109.5372102,144.4752859
92.00325402,108.3784431,93.71557934,160.9701929,110.1019703,144.3173989
88.050427,108.9629334,94.19798312,162.9166017,109.2209065,144.3268151
92.24112036,107.6245257,95.67634342,158.5820023,109.8073469,142.4626114
86.89548597,105.5755884,95.87102074,160.5642023,113.3012834,141.7982575
88.73155863,101.6070147,93.67331005,158.8848627,110.6869424,139.2468036
85.7250915,102.2036741,92.87658877,160.9084163,110.2540584,137.3134328
85.74776241,102.3301359,93.37400205,155.6727698,109.8221592,136.0224763
89.42845528,104.0263053,102.0241259,166.702198,107.6453322,137.9217661
83.90014207,98.97603834,99.87774359,165.2523438,103.6171859,135.8600155
85.26307223,98.44533121,101.6236647,160.4229419,103.8596205,134.2004644
85.95535714,96.66000799,98.47685375,161.2386341,100.7155067,136.307335
85.79955275,95.57898941,96.68753837,163.8017948,100.3006297,132.2354308
84.58570268,93.70207668,98.81596725,161.1304009,97.68065173,131.4743565
80.84818885,94.82874252,93.29725297,157.9778081,98.76685621,130.8517228
82.47269764,95.00780781,95.88782768,160.3326142,96.81452765,130.7372488
78.48523121,93.73714743,94.3837233,156.5987461,94.98262114,130.4666021
77.43503977,93.76746048,92.97745277,158.5001966,93.68576105,129.4012393
68.59165303,86.65034123,83.61605869,145.6645768,91.29176038,125.7275362
69.88716271,88.44301766,82.25076453,143.9481743,90.60286299,126.9201932
70.82011447,86.56517373,81.74022801,145.6600078,89.53921569,124.7349304
70.21278334,86.04403523,82.32408163,145.9811691,90.02333675,125.2389244
69.53273322,86.75290348,81.41751527,147.5218157,89.93252914,125.0081238
69.98732884,84.98314607,81.2283913,151.3676384,90.02441009,125.3209662
69.51820041,86.21134951,79.89193614,148.6812843,90.42839557,127.9582447
69.55897436,87.52988367,80.25830108,151.4322784,91.21861604,126.1733746
69.5774187,86.39084153,83.79853181,148.3454367,90.69424534,126.514817
73.3894909,90.90507726,82.51202609,151.4189375,93.93679918,128.6836814
83.84561977,99.08708709,93.16693679,156.3147208,126.5010727,132.9486931
82.31578947,91.39243546,85.08980089,155.6215794,103.3994704,133.2127783
81.80073499,91.19057131,85.53664495,156.1067504,102.7441386,138.0766551
84.08326531,92.0224,88.67211107,155.652242,102.2775627,139.7295098
85.55392157,93.8481215,90.73697068,159.5218157,108.9798903,142.0951276
84.29148806,96.06871754,91.70690006,162.8057244,112.3565482,143.6748597
85.40507365,102.6272237,91.94363896,163.221065,113.5742354,146.7954326
86.5498366,105.7477513,92.1160842,165.7225819,113.5883306,151.7052794
89.49581547,107.4944923,93.54348714,168.0445922,116.3229864,153.955091
92.3995098,109.5713428,92.57608474,168.7918702,117.7723775,155.7600155
96.06537283,110.7055767,96.49704142,173.6410256,116.7661995,156.880805
89.7432129,109.2206648,93.1903987,170.2955569,112.3368506,155.520031
91.1485189,106.3755004,93.11314985,167.1408506,110.6783388,150.7543012
91.74882389,108.5283624,91.77237748,169.8098592,115.3628967,151.2080511
92.42195821,107.5127229,93.4002448,171.766315,113.2705882,149.542029
94.12067908,108.5081016,93.37254107,169.3278592,112.9475617,150.2443929
93.34696381,109.9566961,94.35675238,171.6068912,112.9283971,148.3429456
90.68714169,108.901544,93.93344156,172.416634,112.3817259,148.9507246
91.00798036,108.5127178,92.25845903,172.2951654,111.278942,150.6313551
90.59603191,106.1156694,94.61095335,171.8186813,110.6285481,152.2399845
89.27272727,106.3543086,92.92620451,170.67766,109.8312958,147.4763102
88.84219133,104.2814755,89.86925724,168.1657502,106.8178666,144.0920874
84.59365404,104.2995595,89.34446934,165.4464742,104.8310317,143.2105263
85.81267894,94.81184948,87.1234442,164.4931399,104.7345115,141.9802975
66.7111293,98.96420048,64.42256903,155.775351,97.38131262,132.811124
66.88802457,85.12785571,65.29705764,149.4676821,96.21864165,137.124178
65.08800655,88.41559486,64.10943472,150.1327088,99.200489,132.1628715
63.89058992,84.16847172,63.71791255,151.1538312,97.08292683,132.4064915
63.22551625,86.00200441,63.77853835,148.9689392,96.28577228,132.6924266
62.07780508,88.61661662,63.07197427,148.7898039,95.53783231,131.0471406
59.86412932,88.527499,62.38985099,146.9747406,94.52511694,129.627027
60.20491803,88.47871486,62.21237155,145.4822931,92.58143322,128.7747922
59.40883074,84.48205334,61.8183283,143.7154057,93.23685283,129.1715611
59.996724,85.49548465,63.20980707,146.225605,92.68217054,130.1078261
58.27615745,87.4712736,62.68733642,149.8529928,93.454323,130.3143244
59.8797546,84.32022472,60.9452496,145.9905919,92.24313885,131.9335779
58.63990168,83.69737106,62.00362246,146.60625,91.53363229,131.2247343
62.22167689,86.95205617,62.03585096,146.1784111,92.24096386,134.1644419
60.45908347,85.09127382,62.48040201,145.0066588,91.500612,134.0146945
62.47965651,85.40116163,61.66425121,146.5691437,93.29181929,129.8509077
58.98771499,86.39487385,61.36017717,148.349454,91.59273618,129.4021256
62.99325291,79.96394231,63.5941212,151.6388509,93.31434385,131.8469565
64.26655765,81.23538831,63.69720153,148.9982398,96.42682927,134.4607654
66.75684512,84.53991175,65.62608171,149.7911851,99.00469484,135.2366589
68.82254441,83.22978383,66.2277666,156.2487776,98.44967532,138.3041546
68.98876404,88.02241345,66.72643216,156.2765085,100.0375357,140.5149816
72.86665305,92.48999199,67.80466238,156.3682664,103.9731653,145.2910462
72.46486928,95.54525475,69.7167002,158.6739427,107.0476967,149.1650261
72.99264105,97.77929101,68.6010446,163.7055263,109.7615651,154.4692694
71.65875614,97.38618619,70.76286174,168.0164255,111.3773778,160.391338
75.3253012,101.2701839,70.78047801,168.8167416,113.5784314,156.6990141
80.07692308,102.9965939,71.33989159,170.2601213,115.9772358,157.5573168
76.23409462,105.3325335,72.36341757,171.731413,116.2918106,163.9057187
70.19840458,100.9091274,71.10797175,168.4836627,114.3669986,160.3269565
76.86047941,109.2773676,69.3694997,179.0454369,104.943948,155.0963506
75.00758041,98.30004011,70.18687072,174.5115917,113.3403823,158.9383337
72.70785597,98.54691259,69.26760563,170.9127124,114.0967416,158.927357
71.79856704,95.91831832,70.12517609,172.2699961,115.4306569,156.7011583
71.22013093,101.8833434,71.00725806,173.050702,114.78729,157.5897932
70.47704918,100.7739602,71.63423968,172.4926686,113.4936144,161.3931194
69.39304703,98.77780004,71.20032278,173.2802809,112.4637211,158.2737819
66.74477673,99.55412733,69.21949255,168.1476563,110.3737066,156.2320634
65.59034172,98.46789727,68.20442656,167.5155547,110.4637858,155.1893251
87.00754948,113.0134188,72.39428686,164.0537802,104.8264197,174.1511743
88.3548124,97.87670136,76.16884422,166.0305284,105.168156,153.9818006
85.3755102,101.3976772,79.38164251,171.1091122,102.9330629,152.8242799
85.88485096,103.0024038,78.3998391,168.9198362,104.2777101,150.2917874
84.98611111,103.3763527,69.80289622,168.5625,94.11563518,145.6832334
86.28769922,102.6316423,70.19598394,166.3308623,93.25996358,145.400348
86.14253625,94.85017003,75.14239743,175.5313415,95.36461507,147.2638701
69.83581758,90.44217278,72.33628319,169.5914146,95.13743108,140.7896565
62.82819203,88.59366225,71.44350623,159.5597117,86.88974619,144.1173519
61.96855217,89.2088,71.72347267,165.7561356,90.249032,151.0011596
57.74407195,78.17621145,66.94935691,154.3612677,84.51248731,146.7329721
58.15472545,79.95756605,68.53826069,156.9263158,84.94213198,152.0340623
53.45766871,71.46506507,68.83236064,153.9450828,84.88003253,153.3756041
58.43225542,71.38862179,68.35873718,154.3053881,83.69318182,148.4805572
58.8957608,72.56696697,67.62683861,154.3494655,85.63447855,148.6259188
58.27463783,72.4271689,66.60438897,156.0986983,83.68241042,144.2027079
57.13387755,72.35477427,67.41353685,154.805377,83.16497771,146.8146143
84.45360825,103.4024342,72.17471449,178.6873666,127.3146953,191.2684895
89.72537917,104.1373087,74.95613859,179.7462541,107.6178499,162.0239845
87.15070707,104.8872299,79.42559166,187.4795799,112.9466395,168.9694391
91.92640518,107.5970883,81.64795509,193.5730687,116.8442456,177.5267944
95.89463019,113.3500884,83.87316877,204.3933022,124.0081317,186.5728643
103.0561069,118.0534381,87.57755511,213.7022767,127.9569543,195.7741249
96.28617754,116.7145123,83.42252396,205.8995327,123.1295168,191.8628439
90.99228583,118.0623635,84.93693694,206.6864159,122.6142886,195.1503876
77.02947754,109.6468719,80.68170026,196.1647969,112.1394495,182.3576261
79.3563592,106.2339623,79.07231322,188.7546,119.8564768,188.7191011
77.02131114,103.0954176,76.38026763,186.0457542,115.6781888,178.887684
72.03733766,97.02201944,73.5712,182.1493469,112,176.245451
68.12426396,92.4177919,72.77264547,174.7516023,108.0736544,169.3727765
62.06284208,89.67070506,70.29588165,172.6997085,105.6412538,162.9279628
61.39857868,87.39754261,70.8952,172.2484472,101.0853905,160.5578337
60.35832996,80.60423678,69.21415717,166.6420521,100.4547845,157.4486361
60.93314367,79.32421178,68.0768,165.863972,99.85621446,157.3544892
61.95216863,78.08937438,69.16883637,167.8641041,95.5247766,162.5075435
51.95376191,78.53428458,66.52513966,177.5162791,81.48578392,155.7465714
53.10064935,85.44327439,67.4344,170.386346,95.35502237,165.4159566
59.61426256,89.08569182,69.67692923,173.6818885,102.8146351,172.5883491
64.04531661,93.75117739,72.13194722,183.396358,108.6134522,180.8173207
65.48754304,99.44922412,79.68418949,191.6172434,117.4991883,188.4763194
73.43151932,107.7109191,83.38825416,204.6700116,125.0833164,200.6078394
81.73025516,115.8664572,88.65501306,216.156787,134.1948552,211.3472383
89.551417,121.6257862,92.50801282,229.7502899,142.36905,225.9212051
97.06499291,130.5491658,96.37108434,233.126597,146.1152679,234.6978542
91.24412003,126.5454545,92.73629452,223.7514518,139.7776435,225.8335269
88.5825716,124.9782351,92.18276553,226.8944412,138.8676649,224.4058869
88.2112533,124.4042722,92.3928,226.6099456,137.9218149,223.7187137
83.7493409,121.9335706,90.64128257,225.5847885,136.0251114,217.81135
70.3099048,116.290004,83.86198644,223.5510046,120.1325788,223.7746698
73.45742092,111.6617269,82.97676282,202.095275,117.9044534,202.1758327
67.54563895,104.2813553,79.85404972,201.0050564,115.8892706,190.8476283
62.77197246,99.59628679,78.45153522,194.5859056,111.8406793,187.1131747
61.07689186,96.04741209,75.5821135,194.1664075,107.4823815,186.1972158
57.47598784,92.06554788,76.07453416,191.5302326,105.7493917,180.9378509
57.62284788,87.04243142,75.20401204,196.2330097,101.1377634,180.0650658
55.63466991,86.35590551,74.99839357,194.9300252,101.9995947,181.8850842
55.31481857,85.91355832,75.19096592,195.0837859,102.251816,179.9543255
56.88753553,87.85500394,75.09700743,197.107883,103.1417004,184.250677
57.49210207,87.76794494,76.54950793,206.1475886,105.5912674,189.4087125
64.2193444,95.81935991,80.90576653,210.0660359,110.855178,194.4859849
64.24499697,96.97700924,85.66018054,212.3947164,115.5300767,205.8428793
69.67306527,106.8160063,90.99718988,220.7900756,126.9777778,221.4453261
77.85748988,116.857987,95.4497694,236.6386359,138.0314643,244.6723536
88.53198381,126.1944116,99.99115756,250.3540337,147.8863132,259.1156753
95.7577715,138.5040204,104.7902028,257.8632148,152.5551515,266.6186047
103.4916009,142.5019701,110.5645549,260.3570875,158.9777957,276.9155039
97.94237013,139.4825753,107.5498495,249.9140534,154.1008471,267.9170382
95.33063209,138.035489,106.641797,255.9107489,155.385112,268.4216657
95.52840909,136.7790675,107.2757996,259.4410853,154.1379032,259.3413313
91.78404709,131.0414457,104.2460302,248.553727,147.7383932,254.7397791
88.71730301,125.8162502,100.4811909,242.704444,140.1365657,254.1491959
83.15028432,116.3665683,96.90517415,242.1904025,141.1208392,249.582639
79.77732629,113.6094118,93.37939345,236.0193911,132.9071082,243.1801627
75.84340771,109.440598,92.58599237,232.0341681,127.3979798,231.5785396
71.86590817,106.4744698,90.42555756,232.4871994,123.5210356,234.0422235
67.81663286,100.395613,88.34290303,229.5641722,118.0683795,223.2655433
64.92751269,96.35806832,87.356711,225.1420818,115.9328343,221.5422153
101.3640963,118.1948154,102.7126159,215.9696793,153.1520538,270.1847894
98.4373862,113.3954037,99.66491724,257.4075655,119.7565217,230.9346773
88.29748744,112.4472,103.2614025,255.6195673,121.1780379,238.8200772
35.18585561,105.5054108,101.1471939,220.8281312,109.9906901,256.0842762
92.13104275,110.7471035,105.9991987,221.415507,122.6376286,264.2406074
94.99480208,112.8662268,109.2959102,227.9141665,129.5621349,276.7094134
100.756,118.5656606,116.2924679,242.4548535,143.2589304,275.9644788
113.5488,129.3912695,118.8822467,253.1521782,155.1050191,296.308525
96.66613355,133.8717949,118.0927525,260.4249552,154.3850181,304.5983765
106.5941188,145.5002009,124.229765,273.1283689,162.4641418,307.9791345
101.0606488,139.8083784,119.562249,265.5231231,159.6691547,308.1130031
100.9382418,140.808673,123.7177889,267.1708975,157.7111739,303.6445818
102.6755341,139.2847417,120.530489,267.0505899,158.8399596,308.6738878
100.5479783,137.4793753,118.3847082,262.7761791,149.522038,306.1607419
97.10923015,131.2988367,114.6565008,258.0576,146.1397784,299.623793
91.60443102,126.6997598,109.3818621,251.8474441,145.9144126,286.5359073
90.38450676,119.7540064,106.3004016,243.8850299,143.7475297,279.0023166
85.76219266,113.4672279,112.8247837,240.6755839,142.6204115,277.1616142
82.05884724,108.04738,110.7106109,233.0657605,134.7723971,270.8383858
80.61482529,105.054998,103.7256085,229.7282565,123.0689794,269.7705552
77.16084763,102.704632,99.40785498,228.5936311,120.5330103,259.9444337
75.44124169,98.99138104,100.4262163,229.5120192,119.6720517,257.0563272
93.28821752,105.5827338,109.3282351,234.6252505,125.4486792,269.9024108
93.12502517,104.5771624,112.3145615,236.9961992,124.1144469,260.6603664
94.0592145,99.30951425,102.8129395,237.0678407,126.9318823,270.5814672
93.90667739,99.74038462,102.8179631,235.4101641,127.194999,275.745356
93.69407035,104.5905181,103.0689447,239.8516439,136.7272727,281.6983974
99.015003,114.8448,112.472,243.0705295,141.3602096,282.133951
101.247501,115.9439103,110.8039255,248.7364419,140.2923882,291.2193237
103.5290826,119.1988807,117.9386405,257.6654662,151.8033844,309.2918198
113.2264641,133.3642358,125.0685371,269.5513794,154.8340048,330.0933204
122.4913191,140.7539476,130.8914309,285.2581745,169.3916197,337.7654799
108.0088159,144.1852075,127.5459677,285.2426795,167.5948449,349.978303
105.9145576,134.1859719,126.2854839,278.7656501,156.1249244,338.246374
104.0210228,132.4699278,126.3372233,284.4095563,162.7821882,339.5451375
107.1816166,135.8144578,126.892283,284.2857716,164.2932528,348.7866693
106.8336706,130.6749549,124.884507,280.8956784,160.6598104,344.938989
103.5529554,133.0562249,123.3091787,277.2760145,159.8564805,335.7896365
101.4433657,129.5717742,120.0683554,272.8357848,155.8781767,331.0331203
98.47534357,124.0739847,117.9395649,266.8281125,149.1980637,317.8638824
93.82178218,123.7600161,113.4127112,259.8885101,146.8730351,307.5609662
92.44462409,113.5841904,113.6916901,254.3183641,142.1571313,307.6299594
87.23419773,109.4460056,111.0841046,254.887465,134.6145791,302.9172467
86.00202388,105.1560184,108.5676435,253.746942,140.7297679,303.3352679
82.10815174,102.5792744,109.5159414,254.1217949,136.6313243,307.0236526
83.08188786,103.9373242,105.3859155,254.8862997,129.1838384,310.336626
81.0373328,96.6484764,109.5668535,250.1531081,134.8760331,310.8447907
79.57484076,98.49121406,108.6738695,250.2176871,128.9248788,311.6269996
80.38167331,101.2976214,102.163159,248.2697079,130.6148553,319.3733151
84.28245649,108.3888,109.3576146,252.700841,134.1305842,321.7965241
86.41500399,115.2214229,109.2086504,259.1111998,140.5622848,321.0444618
88.92350709,116.0774142,113.4521426,264.0696557,143.6508386,346.4726989
94.70578842,123.6481149,118.5574033,275.657463,152.8843042,372.5004888
98.22488038,129.6258993,122.8655041,284.8976977,161.0719483,381.1352723
101.4200239,132.2916916,126.3822115,286.4641215,158.233104,380.3567525
107.5974441,136.5678914,125.875,284.2344469,163.2084433,375.9229122
102.6773355,130.278077,123.0689655,276.9084719,156.3693931,381.6946505
106.1301397,132.0039992,125.3015809,286.6331051,160.6978447,385.5120329
109.6155386,133.8732254,127.0686687,284.6570048,154.8068896,388.304501
107.1156544,133.0488391,126.5577578,285.929232,160.4389352,382.35
107.1990388,133.0052021,126.536644,282.0402414,159.0004047,377.4893534
105.1259022,129.5705718,124.0289389,276.9587774,146.5549484,371.1459797
101.9512195,123.406993,121.9979932,275.4538893,152.2179903,360.6156847
99.46688013,122.253352,119.6641221,270.9525723,148.4224155,354.3220769
